タイトル,タイトルURL,access,価格,価格3,seat,seat4,blog_URL,blog,message,slncouponlist_URL,価格6,slncouponlist_URL9,価格11,slncouponlist_URL13,価格15
Soleil　【ソレイユ】,https://beauty.hotpepper.jp/slnH000286768/?cstt=1,◎口コミ平均4.89*/野々市市役所→車で3分*【髪質改善】,カット,"￥2,750～",席数,セット面5席,https://beauty.hotpepper.jp/slnH000286768/blog/?cstt=1,950件,715件,https://beauty.hotpepper.jp/slnH000286768/coupon/?couponId=CP00000010921758&cstt=1&wak=BPSC400401_link_coupon,"￥15,000",https://beauty.hotpepper.jp/slnH000286768/coupon/?couponId=CP00000009919695&cstt=1&wak=BPSC400401_link_coupon,"￥8,800",https://beauty.hotpepper.jp/slnH000286768/coupon/?couponId=CP00000007925647&cstt=1&wak=BPSC400401_link_coupon,"￥9,900"
mood kanazawa ダブルカラー/縮毛矯正/髪質改善/インナーカラー/ハイライト/ブリーチ,https://beauty.hotpepper.jp/slnH000542091/?cstt=2, 久安2丁目バス停前［ショート/インナーカラー/韓国/ブリーチ/ダブルカラー/学割U24］,カット,"￥1,100～",席数,セット面8席,https://beauty.hotpepper.jp/slnH000542091/blog/?cstt=2,2413件,1645件,https://beauty.hotpepper.jp/slnH000542091/coupon/?couponId=CP00000009955564&cstt=2&wak=BPSC400401_link_coupon,￥0,https://beauty.hotpepper.jp/slnH000542091/coupon/?couponId=CP00000010462218&cstt=2&wak=BPSC400401_link_coupon,"￥3,300",https://beauty.hotpepper.jp/slnH000542091/coupon/?couponId=CP00000010367469&cstt=2&wak=BPSC400401_link_coupon,"￥8,800"
Air Bijou　髪質改善/オーガニック/ヘッドスパ 【エアビジュー】,https://beauty.hotpepper.jp/slnH000274440/?cstt=3,【駐車場13台】有松マクドナルドさんの真向い　大人女性の髪質改善　『076-287-5552』,カット,"￥4,400～",席数,セット面11席,https://beauty.hotpepper.jp/slnH000274440/blog/?cstt=3,343件,307件,https://beauty.hotpepper.jp/slnH000274440/coupon/?couponId=CP00000009791446&cstt=3&wak=BPSC400401_link_coupon,￥0,https://beauty.hotpepper.jp/slnH000274440/coupon/?couponId=CP00000006040876&cstt=3&wak=BPSC400401_link_coupon,"￥6,980",https://beauty.hotpepper.jp/slnH000274440/coupon/?couponId=CP00000011110457&cstt=3&wak=BPSC400401_link_coupon,"￥6,980"
global hair BALANCE,https://beauty.hotpepper.jp/slnH000038473/?cstt=4,【髪質改善/デザインカラー/ダブルカラー/メンズパーマ/金沢】,カット,"￥3,000～",席数,セット面11席,https://beauty.hotpepper.jp/slnH000038473/blog/?cstt=4,11736件,250件,https://beauty.hotpepper.jp/slnH000038473/coupon/?couponId=CP00000005900385&cstt=4&wak=BPSC400401_link_coupon,"￥8,800",https://beauty.hotpepper.jp/slnH000038473/coupon/?couponId=CP00000009543544&cstt=4&wak=BPSC400401_link_coupon,"￥6,600",https://beauty.hotpepper.jp/slnH000038473/coupon/?couponId=CP00000009081621&cstt=4&wak=BPSC400401_link_coupon,"￥13,000"
CALDO　【カルド】,https://beauty.hotpepper.jp/slnH000356369/?cstt=5,【野田町】陸上自衛隊金沢駐屯地そばファミリーマート近く,カット,"￥6,000",席数,セット面5席,https://beauty.hotpepper.jp/slnH000356369/blog/?cstt=5,197件,56件,https://beauty.hotpepper.jp/slnH000356369/coupon/?couponId=CP00000010773659&cstt=5&wak=BPSC400401_link_coupon,"￥1,100",https://beauty.hotpepper.jp/slnH000356369/coupon/?couponId=CP00000010394019&cstt=5&wak=BPSC400401_link_coupon,"￥12,000",https://beauty.hotpepper.jp/slnH000356369/coupon/?couponId=CP00000010394135&cstt=5&wak=BPSC400401_link_coupon,"￥15,200"
nambu-HILLS【ナンブヒルズ】,https://beauty.hotpepper.jp/slnH000318752/?cstt=6,ニュー三久 泉が丘店さん隣、金沢市営陸上競技場近く TEL 076-280-5553,カット,"￥6,050～",席数,セット面12席,https://beauty.hotpepper.jp/slnH000318752/blog/?cstt=6,737件,122件,https://beauty.hotpepper.jp/slnH000318752/coupon/?couponId=CP00000008651099&cstt=6&wak=BPSC400401_link_coupon,"￥15,345",https://beauty.hotpepper.jp/slnH000318752/coupon/?couponId=CP00000007619006&cstt=6&wak=BPSC400401_link_coupon,10％オフ,https://beauty.hotpepper.jp/slnH000318752/coupon/?couponId=CP00000010755434&cstt=6&wak=BPSC400401_link_coupon,"￥11,880"
Terrace金沢 髪質改善&カラー【テラス】,https://beauty.hotpepper.jp/slnH000776976/?cstt=7,高尾台4丁目交差点すぐ（くら寿司の向かい）金沢/髪質改善/縮毛矯正/酸性ストレート,カット,"￥4,800",席数,セット面5席,https://beauty.hotpepper.jp/slnH000776976/blog/?cstt=7,482件,287件,https://beauty.hotpepper.jp/slnH000776976/coupon/?couponId=CP00000010718066&cstt=7&wak=BPSC400401_link_coupon,"￥9,800",https://beauty.hotpepper.jp/slnH000776976/coupon/?couponId=CP00000010513014&cstt=7&wak=BPSC400401_link_coupon,"￥11,800",https://beauty.hotpepper.jp/slnH000776976/coupon/?couponId=CP00000010513010&cstt=7&wak=BPSC400401_link_coupon,"￥10,800"
髪質改善KUON,https://beauty.hotpepper.jp/slnH000702938/?cstt=8,ミスタードーナツ高尾台隣 [髪質改善/ショート/レイヤーカット/縮毛矯正/髪質改善],カット,"￥4,400",席数,セット面8席,https://beauty.hotpepper.jp/slnH000702938/blog/?cstt=8,1401件,222件,https://beauty.hotpepper.jp/slnH000702938/coupon/?couponId=CP00000009748406&cstt=8&wak=BPSC400401_link_coupon,-,https://beauty.hotpepper.jp/slnH000702938/coupon/?couponId=CP00000009672302&cstt=8&wak=BPSC400401_link_coupon,"￥17,600",https://beauty.hotpepper.jp/slnH000702938/coupon/?couponId=CP00000009688550&cstt=8&wak=BPSC400401_link_coupon,"￥12,800"
rawne,https://beauty.hotpepper.jp/slnH000808444/?cstt=9,片町バス停から犀川沿いを川上方向へ,カット,"￥6,000～",席数,セット面4席,https://beauty.hotpepper.jp/slnH000808444/blog/?cstt=9,31件,9件,https://beauty.hotpepper.jp/slnH000808444/coupon/?couponId=CP00000011007019&cstt=9&wak=BPSC400401_link_coupon,"￥11,500",https://beauty.hotpepper.jp/slnH000808444/coupon/?couponId=CP00000011007031&cstt=9&wak=BPSC400401_link_coupon,"￥5,000",https://beauty.hotpepper.jp/slnH000808444/coupon/?couponId=CP00000011007024&cstt=9&wak=BPSC400401_link_coupon,"￥14,500"
Design for hair GRAnt'z produce by hys【グランツ】,https://beauty.hotpepper.jp/slnH000426284/?cstt=10,金沢有松病院から徒歩3分,カット,"￥4,000",席数,セット面8席,https://beauty.hotpepper.jp/slnH000426284/blog/?cstt=10,319件,45件,https://beauty.hotpepper.jp/slnH000426284/coupon/?couponId=CP00000008510903&cstt=10&wak=BPSC400401_link_coupon,"￥8,800",https://beauty.hotpepper.jp/slnH000426284/coupon/?couponId=CP00000008946272&cstt=10&wak=BPSC400401_link_coupon,"￥13,000",https://beauty.hotpepper.jp/slnH000426284/coupon/?couponId=CP00000010017618&cstt=10&wak=BPSC400401_link_coupon,"￥15,000"
Air Bijou　髪質改善/オーガニック/ヘッドスパ 【エアビジュー】,https://beauty.hotpepper.jp/slnH000274440/?wak=BPSC400401_link_ADsalon_top,【駐車場13台】有松マクドナルドさんの真向い　大人女性の髪質改善　『076-287-5552』,カット,"￥4,400～",席数,セット面11席,https://beauty.hotpepper.jp/slnH000274440/blog/?wak=BPSC400401_link_ADsalon_blogreview,343件,307件,https://beauty.hotpepper.jp/slnH000274440/coupon/?couponId=CP00000009791446&wak=BPSC400401_link_ADsalon_coupon,￥0,https://beauty.hotpepper.jp/slnH000274440/coupon/?couponId=CP00000006040876&wak=BPSC400401_link_ADsalon_coupon,"￥6,980",https://beauty.hotpepper.jp/slnH000274440/coupon/?couponId=CP00000011110457&wak=BPSC400401_link_ADsalon_coupon,"￥6,980"
Alte Rowazle 白髪染め/ショート/ヘッドスパ【アルテ ロワジール】,https://beauty.hotpepper.jp/slnH000303113/?cstt=11,有松病院通り沿い、能力開発センターさんの隣にございます。寺地バス停目の前です。,カット,"￥4,950",席数,セット面5席,https://beauty.hotpepper.jp/slnH000303113/blog/?cstt=11,924件,72件,https://beauty.hotpepper.jp/slnH000303113/coupon/?couponId=CP00000008097387&cstt=11&wak=BPSC400401_link_coupon,"￥7,900",https://beauty.hotpepper.jp/slnH000303113/coupon/?couponId=CP00000008144036&cstt=11&wak=BPSC400401_link_coupon,"￥9,900",https://beauty.hotpepper.jp/slnH000303113/coupon/?couponId=CP00000008078747&cstt=11&wak=BPSC400401_link_coupon,"￥5,980"
hair salon en. 久安【ヘアサロン エン】,https://beauty.hotpepper.jp/slnH000706765/?cstt=12,久安サーティーワンさんお隣♪[金沢市/髪質改善/縮毛矯正/白髪染め/ヘッドスパ],カット,"￥5,500",席数,セット面4席,https://beauty.hotpepper.jp/slnH000706765/blog/?cstt=12,403件,382件,https://beauty.hotpepper.jp/slnH000706765/coupon/?couponId=CP00000010449942&cstt=12&wak=BPSC400401_link_coupon,"￥10,560",https://beauty.hotpepper.jp/slnH000706765/coupon/?couponId=CP00000010430265&cstt=12&wak=BPSC400401_link_coupon,"￥13,200",https://beauty.hotpepper.jp/slnH000706765/coupon/?couponId=CP00000010430269&cstt=12&wak=BPSC400401_link_coupon,"￥14,432"
HAIR MAKE miel　【ヘアメイク　ミエル】,https://beauty.hotpepper.jp/slnH000242095/?cstt=13,＊受賞サロン【円光寺本町】大通り沿いCHANOMIさん、ヤギヤさん向かい【白い外観】,カット,"￥4,950～",席数,セット面3席,https://beauty.hotpepper.jp/slnH000242095/blog/?cstt=13,544件,30件,https://beauty.hotpepper.jp/slnH000242095/coupon/?couponId=CP00000009246987&cstt=13&wak=BPSC400401_link_coupon,￥0,https://beauty.hotpepper.jp/slnH000242095/coupon/?couponId=CP00000007312578&cstt=13&wak=BPSC400401_link_coupon,"￥5,830",https://beauty.hotpepper.jp/slnH000242095/coupon/?couponId=CP00000007312515&cstt=13&wak=BPSC400401_link_coupon,"￥12,210"
hair le chene １/２,https://beauty.hotpepper.jp/slnH000338399/?cstt=14,【窪、伏見台、高尾台】 金沢赤十字病院に近く　伏見台小学校の斜め前,カット,"￥4,950～",席数,セット面10席,https://beauty.hotpepper.jp/slnH000338399/blog/?cstt=14,714件,54件,https://beauty.hotpepper.jp/slnH000338399/coupon/?couponId=CP00000011086180&cstt=14&wak=BPSC400401_link_coupon,"￥5,200",https://beauty.hotpepper.jp/slnH000338399/coupon/?couponId=CP00000010706265&cstt=14&wak=BPSC400401_link_coupon,"￥5,500",https://beauty.hotpepper.jp/slnH000338399/coupon/?couponId=CP00000008520524&cstt=14&wak=BPSC400401_link_coupon,"￥7,500"
ヘア・クリニックWALK,https://beauty.hotpepper.jp/slnH000219676/?cstt=15,有松/横川　三馬小学校通り沿い★　　　有松/横川/髪質改善/縮毛矯正/白髪染め,カット,"￥4,400",席数,セット面1席,https://beauty.hotpepper.jp/slnH000219676/blog/?cstt=15,1013件,55件,https://beauty.hotpepper.jp/slnH000219676/coupon/?couponId=CP00000009223881&cstt=15&wak=BPSC400401_link_coupon,"￥8,800",https://beauty.hotpepper.jp/slnH000219676/coupon/?couponId=CP00000006240554&cstt=15&wak=BPSC400401_link_coupon,"￥6,500",https://beauty.hotpepper.jp/slnH000219676/coupon/?couponId=CP00000010129105&cstt=15&wak=BPSC400401_link_coupon,"￥10,000"
Ｅｒｂａ 【エルバ】,https://beauty.hotpepper.jp/slnH000306714/?cstt=16,ミスタードーナツ高尾台店から車で１分,カット,"￥6,050",席数,セット面6席,https://beauty.hotpepper.jp/slnH000306714/blog/?cstt=16,3件,2件,https://beauty.hotpepper.jp/slnH000306714/coupon/?couponId=CP00000010615514&cstt=16&wak=BPSC400401_link_coupon,"￥14,000",https://beauty.hotpepper.jp/slnH000306714/coupon/?couponId=CP00000010615525&cstt=16&wak=BPSC400401_link_coupon,"￥15,000",https://beauty.hotpepper.jp/slnH000306714/coupon/?couponId=CP00000010615605&cstt=16&wak=BPSC400401_link_coupon,"￥8,000"
garden,https://beauty.hotpepper.jp/slnH000133923/?cstt=17,泉丘高校からココス角曲がり・くすりのアオキの隣ファミリーマート斜め向いの茶色建物,カット,"￥4,330",席数,セット面5席,https://beauty.hotpepper.jp/slnH000133923/blog/?cstt=17,81件,3件,https://beauty.hotpepper.jp/slnH000133923/coupon/?couponId=CP00000005736002&cstt=17&wak=BPSC400401_link_coupon,"￥6,900",https://beauty.hotpepper.jp/slnH000133923/coupon/?couponId=CP00000004389493&cstt=17&wak=BPSC400401_link_coupon,"￥6,500",https://beauty.hotpepper.jp/slnH000133923/coupon/?couponId=CP00000005063846&cstt=17&wak=BPSC400401_link_coupon,"￥6,000"
hair progress Suburb【サバーブ】,https://beauty.hotpepper.jp/slnH000183505/?cstt=18,伏見台バス停から徒歩1分,カット,"￥4,950",席数,セット面10席,https://beauty.hotpepper.jp/slnH000183505/blog/?cstt=18,46件,7件,https://beauty.hotpepper.jp/slnH000183505/coupon/?couponId=CP00000007409867&cstt=18&wak=BPSC400401_link_coupon,"￥12,000",https://beauty.hotpepper.jp/slnH000183505/coupon/?couponId=CP00000007409860&cstt=18&wak=BPSC400401_link_coupon,"￥10,000",https://beauty.hotpepper.jp/slnH000183505/coupon/?couponId=CP00000007409869&cstt=18&wak=BPSC400401_link_coupon,"￥6,500"
PARAISO hair works【パライソ】,https://beauty.hotpepper.jp/slnH000547100/?cstt=19,有松バス停より徒歩4分/泉2丁目バス停より徒歩3分,カット,"￥4,950",席数,セット面2席,https://beauty.hotpepper.jp/slnH000547100/blog/?cstt=19,6件,4件,https://beauty.hotpepper.jp/slnH000547100/coupon/?couponId=CP00000008050312&cstt=19&wak=BPSC400401_link_coupon,"￥6,050",https://beauty.hotpepper.jp/slnH000547100/coupon/?couponId=CP00000008061460&cstt=19&wak=BPSC400401_link_coupon,"￥9,900",https://beauty.hotpepper.jp/slnH000547100/coupon/?couponId=CP00000008050318&cstt=19&wak=BPSC400401_link_coupon,"￥9,900"
ROCOCO 【ロココ】,https://beauty.hotpepper.jp/slnH000038456/?cstt=20,コープおおぬかより２００ｍほど四十万方面へ直進、向かい側≪髪質改善、白髪ぼかし≫,カット,"￥6,600～",席数,セット面2席,https://beauty.hotpepper.jp/slnH000038456/blog/?cstt=20,683件,49件,https://beauty.hotpepper.jp/slnH000038456/coupon/?couponId=CP00000011197000&cstt=20&wak=BPSC400401_link_coupon,"￥16,500",https://beauty.hotpepper.jp/slnH000038456/coupon/?couponId=CP00000010963837&cstt=20&wak=BPSC400401_link_coupon,"￥18,700",https://beauty.hotpepper.jp/slnH000038456/coupon/?couponId=CP00000006357437&cstt=20&wak=BPSC400401_link_coupon,"￥23,100"
ARIA【HEAVEN×HEAVEN】,https://beauty.hotpepper.jp/slnH000080770/?cstt=21,野々市工大駅から車で5分,カット,"￥4,400",席数,セット面5席,https://beauty.hotpepper.jp/slnH000080770/blog/?cstt=21,59件,70件,https://beauty.hotpepper.jp/slnH000080770/coupon/?couponId=CP00000007105559&cstt=21&wak=BPSC400401_link_coupon,"￥3,900",https://beauty.hotpepper.jp/slnH000080770/coupon/?couponId=CP00000007105566&cstt=21&wak=BPSC400401_link_coupon,"￥9,300",https://beauty.hotpepper.jp/slnH000080770/coupon/?couponId=CP00000007691955&cstt=21&wak=BPSC400401_link_coupon,"￥1,500"
．Ｋ,https://beauty.hotpepper.jp/slnH000467601/?cstt=22,【髪質改善/女性スタイリストのみ◎】西金沢駅徒歩15分/押野駅徒歩7分,カット,"￥4,950",席数,セット面4席,https://beauty.hotpepper.jp/slnH000467601/blog/?cstt=22,35件,27件,https://beauty.hotpepper.jp/slnH000467601/coupon/?couponId=CP00000009025586&cstt=22&wak=BPSC400401_link_coupon,"￥10,450",https://beauty.hotpepper.jp/slnH000467601/coupon/?couponId=CP00000009025592&cstt=22&wak=BPSC400401_link_coupon,"￥11,550",https://beauty.hotpepper.jp/slnH000467601/coupon/?couponId=CP00000009025594&cstt=22&wak=BPSC400401_link_coupon,"￥12,650"
NOSTA【ノスタ】,https://beauty.hotpepper.jp/slnH000414776/?cstt=23,金沢泉が丘高校近く★サンピア泉が丘むかいです♪,カット,"￥5,500～",席数,セット面2席,https://beauty.hotpepper.jp/slnH000414776/blog/?cstt=23,164件,7件,https://beauty.hotpepper.jp/slnH000414776/coupon/?couponId=CP00000006583030&cstt=23&wak=BPSC400401_link_coupon,"￥5,500",https://beauty.hotpepper.jp/slnH000414776/coupon/?couponId=CP00000007209266&cstt=23&wak=BPSC400401_link_coupon,"￥11,000",https://beauty.hotpepper.jp/slnH000414776/coupon/?couponId=CP00000006793858&cstt=23&wak=BPSC400401_link_coupon,"￥14,080"
liberte,https://beauty.hotpepper.jp/slnH000380217/?cstt=24,窪南バス停より徒歩3分。,カット,"￥5,280",席数,セット面3席,https://beauty.hotpepper.jp/slnH000380217/blog/?cstt=24,79件,15件,https://beauty.hotpepper.jp/slnH000380217/coupon/?couponId=CP00000006887773&cstt=24&wak=BPSC400401_link_coupon,10％オフ,https://beauty.hotpepper.jp/slnH000380217/coupon/?couponId=CP00000006398180&cstt=24&wak=BPSC400401_link_coupon,"￥7,722",https://beauty.hotpepper.jp/slnH000380217/coupon/?couponId=CP00000006887767&cstt=24&wak=BPSC400401_link_coupon,"￥5,742"
Concept hair【コンセプトヘアー】,https://beauty.hotpepper.jp/slnH000273589/?cstt=25,ココス泉ガ丘店さん近く、結城歯科さん斜め前。,カット,"￥5,280",席数,セット面2席,https://beauty.hotpepper.jp/slnH000273589/blog/?cstt=25,126件,16件,https://beauty.hotpepper.jp/slnH000273589/coupon/?couponId=CP00000007529681&cstt=25&wak=BPSC400401_link_coupon,"￥5,280",https://beauty.hotpepper.jp/slnH000273589/coupon/?couponId=CP00000007529713&cstt=25&wak=BPSC400401_link_coupon,"￥7,480",https://beauty.hotpepper.jp/slnH000273589/coupon/?couponId=CP00000007529718&cstt=25&wak=BPSC400401_link_coupon,"￥8,580"
hair salon LiLiana,https://beauty.hotpepper.jp/slnH000381766/?cstt=26,山側環状線近くでアクセス◎有松方面から真っすぐ四十万方面へ,カット,"￥5,800",席数,セット面3席,https://beauty.hotpepper.jp/slnH000381766/blog/?cstt=26,475件,18件,https://beauty.hotpepper.jp/slnH000381766/coupon/?couponId=CP00000006582075&cstt=26&wak=BPSC400401_link_coupon,"￥16,900",https://beauty.hotpepper.jp/slnH000381766/coupon/?couponId=CP00000006582090&cstt=26&wak=BPSC400401_link_coupon,"￥14,500",https://beauty.hotpepper.jp/slnH000381766/coupon/?couponId=CP00000006582098&cstt=26&wak=BPSC400401_link_coupon,"￥12,500"
Lien,https://beauty.hotpepper.jp/slnH000656052/?cstt=27,総合体育館前　泉ヶ丘高校徒歩３分　有松病院から車で５分　片町から車で10分,カット,"￥5,280～",席数,セット面2席,https://beauty.hotpepper.jp/slnH000656052/blog/?cstt=27,229件,17件,https://beauty.hotpepper.jp/slnH000656052/coupon/?couponId=CP00000009201590&cstt=27&wak=BPSC400401_link_coupon,￥0,https://beauty.hotpepper.jp/slnH000656052/coupon/?couponId=CP00000009155268&cstt=27&wak=BPSC400401_link_coupon,20％オフ,https://beauty.hotpepper.jp/slnH000656052/coupon/?couponId=CP00000009140021&cstt=27&wak=BPSC400401_link_coupon,"￥15,180"
髪質改善美容室AUREA【8月 NEW OPEN（予定）】,https://beauty.hotpepper.jp/slnH000805828/?cstt=28,■北陸鉄道馬替駅から徒歩11分■北鉄バス光が丘口から徒歩1分,カット,"￥11,000～",席数,セット面3席,https://beauty.hotpepper.jp/slnH000805828/blog/?cstt=28,2件,,https://beauty.hotpepper.jp/slnH000805828/coupon/?couponId=CP00000011000253&cstt=28&wak=BPSC400401_link_coupon,"￥43,460",https://beauty.hotpepper.jp/slnH000805828/coupon/?couponId=CP00000011000263&cstt=28&wak=BPSC400401_link_coupon,"￥32,900",https://beauty.hotpepper.jp/slnH000805828/coupon/?couponId=CP00000011000334&cstt=28&wak=BPSC400401_link_coupon,"￥27,900"
alica hair salon 【アリカヘアサロン】,https://beauty.hotpepper.jp/slnH000287860/?cstt=29,【寺地エリア】金沢駅からすぐ！ダメージレス施術で艶髪♪[ショートカット/ヘナ],カット,"￥7,700",席数,セット面1席,https://beauty.hotpepper.jp/slnH000287860/blog/?cstt=29,68件,301件,https://beauty.hotpepper.jp/slnH000287860/coupon/?couponId=CP00000004461235&cstt=29&wak=BPSC400401_link_coupon,"￥18,700",https://beauty.hotpepper.jp/slnH000287860/coupon/?couponId=CP00000007826253&cstt=29&wak=BPSC400401_link_coupon,"￥16,500",https://beauty.hotpepper.jp/slnH000287860/coupon/?couponId=CP00000008248231&cstt=29&wak=BPSC400401_link_coupon,"￥22,000"
メンズサロン　foyer【ホワイエ】,https://beauty.hotpepper.jp/slnH000708097/?cstt=30,高尾南3丁目バス停から徒歩3分,カット,"￥3,500～",席数,-,https://beauty.hotpepper.jp/slnH000708097/blog/?cstt=30,15件,5件,https://beauty.hotpepper.jp/slnH000708097/coupon/?couponId=CP00000010702053&cstt=30&wak=BPSC400401_link_coupon,"￥5,000",https://beauty.hotpepper.jp/slnH000708097/coupon/?couponId=CP00000010702089&cstt=30&wak=BPSC400401_link_coupon,"￥4,500",https://beauty.hotpepper.jp/slnH000708097/coupon/?couponId=CP00000010702103&cstt=30&wak=BPSC400401_link_coupon,"￥5,500"
hair spirit SunPillaR,https://beauty.hotpepper.jp/slnH000797939/?cstt=31,額住宅前駅から徒歩１０分,カット,"￥5,000～",席数,セット面3席,https://beauty.hotpepper.jp/slnH000797939/blog/?cstt=31,2件,3件,https://beauty.hotpepper.jp/slnH000797939/coupon/?couponId=CP00000011109548&cstt=31&wak=BPSC400401_link_coupon,"￥12,500",https://beauty.hotpepper.jp/slnH000797939/coupon/?couponId=CP00000011108601&cstt=31&wak=BPSC400401_link_coupon,￥0,https://beauty.hotpepper.jp/slnH000797939/coupon/?couponId=CP00000010980529&cstt=31&wak=BPSC400401_link_coupon,"￥4,000"
private hair salon moku【モク】,https://beauty.hotpepper.jp/slnH000554869/?cstt=32,山側環状近く　有松方面から真っすぐ四十万方面へ。ウエルシア四十万店近く,カット,"￥4,730",席数,セット面2席,https://beauty.hotpepper.jp/slnH000554869/blog/?cstt=32,3件,4件,https://beauty.hotpepper.jp/slnH000554869/coupon/?couponId=CP00000008125123&cstt=32&wak=BPSC400401_link_coupon,"￥7,000",https://beauty.hotpepper.jp/slnH000554869/coupon/?couponId=CP00000008125125&cstt=32&wak=BPSC400401_link_coupon,"￥8,000",https://beauty.hotpepper.jp/slnH000554869/coupon/?couponId=CP00000008125131&cstt=32&wak=BPSC400401_link_coupon,"￥15,000"
ONLY WAY,https://beauty.hotpepper.jp/slnH000375145/?cstt=33,高尾台中学校近く、高尾台中学前の信号となり。,カット,"￥5,500",席数,セット面3席,https://beauty.hotpepper.jp/slnH000375145/blog/?cstt=33,21件,4件,https://beauty.hotpepper.jp/slnH000375145/coupon/?couponId=CP00000007103242&cstt=33&wak=BPSC400401_link_coupon,"￥17,380",https://beauty.hotpepper.jp/slnH000375145/coupon/?couponId=CP00000007103252&cstt=33&wak=BPSC400401_link_coupon,"￥17,380",https://beauty.hotpepper.jp/slnH000375145/coupon/?couponId=CP00000006626748&cstt=33&wak=BPSC400401_link_coupon,"￥6,150"
T-OUT メンズ特化サロン 【ティーアウト】,https://beauty.hotpepper.jp/slnH000710247/?cstt=34,北陸鉄道バス33番または35番「上有松」バス停より徒歩4分  金沢有松病院から徒歩4分,カット,"￥4,200～",席数,セット面2席,https://beauty.hotpepper.jp/slnH000710247/blog/?cstt=34,213件,22件,https://beauty.hotpepper.jp/slnH000710247/coupon/?couponId=CP00000009818019&cstt=34&wak=BPSC400401_link_coupon,"￥4,500",https://beauty.hotpepper.jp/slnH000710247/coupon/?couponId=CP00000009966917&cstt=34&wak=BPSC400401_link_coupon,"￥11,000",https://beauty.hotpepper.jp/slnH000710247/coupon/?couponId=CP00000009784558&cstt=34&wak=BPSC400401_link_coupon,"￥12,980"
髪質改善サロンmikata,https://beauty.hotpepper.jp/slnH000593750/?cstt=35,高尾南3丁目バス停から徒歩1分,カット,"￥5,500",席数,セット面1席,https://beauty.hotpepper.jp/slnH000593750/blog/?cstt=35,19件,14件,https://beauty.hotpepper.jp/slnH000593750/coupon/?couponId=CP00000008549818&cstt=35&wak=BPSC400401_link_coupon,"￥15,840",https://beauty.hotpepper.jp/slnH000593750/coupon/?couponId=CP00000008502896&cstt=35&wak=BPSC400401_link_coupon,"￥16,830",https://beauty.hotpepper.jp/slnH000593750/coupon/?couponId=CP00000008502893&cstt=35&wak=BPSC400401_link_coupon,"￥15,840"
白髪ぼかし専門サロン Hau'oli ～ハウオリ～横川店,https://beauty.hotpepper.jp/slnH000784604/?cstt=36,ラウンドワンから車で3分/サーティーワン金沢久安店から車で1分/駐車場◎[白髪ぼかし],カット,"￥5,500",席数,セット面1席,https://beauty.hotpepper.jp/slnH000784604/blog/?cstt=36,157件,18件,https://beauty.hotpepper.jp/slnH000784604/coupon/?couponId=CP00000010636721&cstt=36&wak=BPSC400401_link_coupon,"￥9,900",https://beauty.hotpepper.jp/slnH000784604/coupon/?couponId=CP00000010636702&cstt=36&wak=BPSC400401_link_coupon,"￥7,700",https://beauty.hotpepper.jp/slnH000784604/coupon/?couponId=CP00000010636736&cstt=36&wak=BPSC400401_link_coupon,"￥19,800"
La vie en rose,https://beauty.hotpepper.jp/slnH000651432/?cstt=37,金沢寺地クリニック並び　野々市駅から車で9分　[髪質改善/縮毛矯正],カット,"￥4,950",席数,セット面3席,https://beauty.hotpepper.jp/slnH000651432/blog/?cstt=37,185件,29件,https://beauty.hotpepper.jp/slnH000651432/coupon/?couponId=CP00000011057673&cstt=37&wak=BPSC400401_link_coupon,"￥8,200",https://beauty.hotpepper.jp/slnH000651432/coupon/?couponId=CP00000009200139&cstt=37&wak=BPSC400401_link_coupon,"￥3,800",https://beauty.hotpepper.jp/slnH000651432/coupon/?couponId=CP00000009164276&cstt=37&wak=BPSC400401_link_coupon,"￥11,000"
cara extension【カーラ エクステンション】,https://beauty.hotpepper.jp/slnH000498139/?cstt=38,当日予約ok!久安3丁目交差点近く〇クーポン多数[横川/シールエクステ/インナーカラー],カット,"￥2,500",席数,セット面2席,https://beauty.hotpepper.jp/slnH000498139/blog/?cstt=38,488件,39件,https://beauty.hotpepper.jp/slnH000498139/coupon/?couponId=CP00000011207857&cstt=38&wak=BPSC400401_link_coupon,"￥7,000",https://beauty.hotpepper.jp/slnH000498139/coupon/?couponId=CP00000011207884&cstt=38&wak=BPSC400401_link_coupon,"￥8,000",https://beauty.hotpepper.jp/slnH000498139/coupon/?couponId=CP00000010123137&cstt=38&wak=BPSC400401_link_coupon,"￥3,980"
ｃｏｃｈｉ　ｈａｉｒ　ｄｅｓｉｇｎ 【コチ　ヘアー　デザイン】,https://beauty.hotpepper.jp/slnH000597113/?cstt=39,金沢赤十字病院近く,カット,"￥4,950～",席数,セット面1席,https://beauty.hotpepper.jp/slnH000597113/blog/?cstt=39,10件,26件,https://beauty.hotpepper.jp/slnH000597113/coupon/?couponId=CP00000010073357&cstt=39&wak=BPSC400401_link_coupon,"￥10,725",https://beauty.hotpepper.jp/slnH000597113/coupon/?couponId=CP00000008531112&cstt=39&wak=BPSC400401_link_coupon,"￥10,310",https://beauty.hotpepper.jp/slnH000597113/coupon/?couponId=CP00000008531117&cstt=39&wak=BPSC400401_link_coupon,"￥10,725"
UNO HAIR【ウノヘアー】,https://beauty.hotpepper.jp/slnH000735886/?cstt=40,北鉄バス光が丘口より徒歩3分,カット,"￥5,000～",席数,セット面2席,https://beauty.hotpepper.jp/slnH000735886/blog/?cstt=40,31件,16件,https://beauty.hotpepper.jp/slnH000735886/coupon/?couponId=CP00000010057975&cstt=40&wak=BPSC400401_link_coupon,10％オフ,https://beauty.hotpepper.jp/slnH000735886/coupon/?couponId=CP00000010053119&cstt=40&wak=BPSC400401_link_coupon,"￥12,500",https://beauty.hotpepper.jp/slnH000735886/coupon/?couponId=CP00000010053135&cstt=40&wak=BPSC400401_link_coupon,"￥13,500"
Un Fleur【アン・フルール】,https://beauty.hotpepper.jp/slnH000455020/?cstt=41,「泉野4丁目」バス停から徒歩2分,カット,"￥5,500",席数,セット面4席,https://beauty.hotpepper.jp/slnH000455020/blog/?cstt=41,613件,32件,https://beauty.hotpepper.jp/slnH000455020/coupon/?couponId=CP00000009985011&cstt=41&wak=BPSC400401_link_coupon,"￥11,000",https://beauty.hotpepper.jp/slnH000455020/coupon/?couponId=CP00000009984999&cstt=41&wak=BPSC400401_link_coupon,"￥8,800",https://beauty.hotpepper.jp/slnH000455020/coupon/?couponId=CP00000010015617&cstt=41&wak=BPSC400401_link_coupon,"￥4,400"
cutsalon.PLACE,https://beauty.hotpepper.jp/slnH000736768/?cstt=42,バス停　三馬日赤病院前徒歩1分,カット,"￥3,500～",席数,セット面2席,https://beauty.hotpepper.jp/slnH000736768/blog/?cstt=42,15件,2件,https://beauty.hotpepper.jp/slnH000736768/coupon/?couponId=CP00000010197297&cstt=42&wak=BPSC400401_link_coupon,"￥3,400",https://beauty.hotpepper.jp/slnH000736768/coupon/?couponId=CP00000010097732&cstt=42&wak=BPSC400401_link_coupon,"￥4,100",https://beauty.hotpepper.jp/slnH000736768/coupon/?couponId=CP00000010097735&cstt=42&wak=BPSC400401_link_coupon,"￥4,600"
COMON　STYLING　LOUNGE【コモンスタイリングラウンジ】,https://beauty.hotpepper.jp/slnH000357871/?cstt=43,金沢市久安３丁目４３８番地ラウンドワン近く、横川南交差点を久安方面へ　横川　久安,カット,"￥5,500",席数,セット面4席,https://beauty.hotpepper.jp/slnH000357871/blog/?cstt=43,230件,159件,https://beauty.hotpepper.jp/slnH000357871/coupon/?couponId=CP00000008806327&cstt=43&wak=BPSC400401_link_coupon,￥0,https://beauty.hotpepper.jp/slnH000357871/coupon/?couponId=CP00000006644026&cstt=43&wak=BPSC400401_link_coupon,"￥15,800",https://beauty.hotpepper.jp/slnH000357871/coupon/?couponId=CP00000008550797&cstt=43&wak=BPSC400401_link_coupon,"￥13,800"
BELINDA,https://beauty.hotpepper.jp/slnH000402114/?cstt=44,金沢泉丘高校近く・ココス並び・ガソリンスタンドENEOS隣　黄色の看板と外観が目印,カット,"￥6,600",席数,セット面4席,https://beauty.hotpepper.jp/slnH000402114/blog/?cstt=44,1411件,22件,https://beauty.hotpepper.jp/slnH000402114/coupon/?couponId=CP00000008120652&cstt=44&wak=BPSC400401_link_coupon,"￥14,800",https://beauty.hotpepper.jp/slnH000402114/coupon/?couponId=CP00000008120661&cstt=44&wak=BPSC400401_link_coupon,"￥16,800",https://beauty.hotpepper.jp/slnH000402114/coupon/?couponId=CP00000008120679&cstt=44&wak=BPSC400401_link_coupon,"￥18,900"
Hair Salon Nakama.,https://beauty.hotpepper.jp/slnH000508153/?cstt=45,三馬小学校、事務キチ近く。,カット,"￥2,980～",席数,セット面4席,https://beauty.hotpepper.jp/slnH000508153/blog/?cstt=45,31件,18件,https://beauty.hotpepper.jp/slnH000508153/coupon/?couponId=CP00000008426221&cstt=45&wak=BPSC400401_link_coupon,"￥7,900",https://beauty.hotpepper.jp/slnH000508153/coupon/?couponId=CP00000010273134&cstt=45&wak=BPSC400401_link_coupon,"￥13,900",https://beauty.hotpepper.jp/slnH000508153/coupon/?couponId=CP00000010272870&cstt=45&wak=BPSC400401_link_coupon,"￥11,000"
AmiDA【アミダ】,https://beauty.hotpepper.jp/slnH000588261/?cstt=46,額中学校前バス停横　金沢、野々市エリア【髪質改善酸性ストレート】【ショートヘア】,カット,"￥5,500",席数,セット面3席,https://beauty.hotpepper.jp/slnH000588261/blog/?cstt=46,91件,66件,https://beauty.hotpepper.jp/slnH000588261/coupon/?couponId=CP00000010172229&cstt=46&wak=BPSC400401_link_coupon,-,https://beauty.hotpepper.jp/slnH000588261/coupon/?couponId=CP00000010312630&cstt=46&wak=BPSC400401_link_coupon,"￥14,000",https://beauty.hotpepper.jp/slnH000588261/coupon/?couponId=CP00000010305610&cstt=46&wak=BPSC400401_link_coupon,"￥11,000"
HAIR　MAKE　ＩＳＫＡＧＯ 本店【イスカーゴ】,https://beauty.hotpepper.jp/slnH000142918/?cstt=47,【金沢市窪】錦ヶ丘高校前バス亭から徒歩3分,カット,"￥5,500",席数,セット面9席,https://beauty.hotpepper.jp/slnH000142918/blog/?cstt=47,3件,19件,https://beauty.hotpepper.jp/slnH000142918/coupon/?couponId=CP00000007826333&cstt=47&wak=BPSC400401_link_coupon,"￥19,800",https://beauty.hotpepper.jp/slnH000142918/coupon/?couponId=CP00000007826345&cstt=47&wak=BPSC400401_link_coupon,"￥24,200",https://beauty.hotpepper.jp/slnH000142918/coupon/?couponId=CP00000007826321&cstt=47&wak=BPSC400401_link_coupon,"￥13,200"
hair&make Peach 【ピーチ】,https://beauty.hotpepper.jp/slnH000299516/?cstt=48,有松交差点近く,カット,"￥4,400",席数,セット面3席,https://beauty.hotpepper.jp/slnH000299516/blog/?cstt=48,188件,25件,https://beauty.hotpepper.jp/slnH000299516/coupon/?couponId=CP00000005970583&cstt=48&wak=BPSC400401_link_coupon,"￥13,800",https://beauty.hotpepper.jp/slnH000299516/coupon/?couponId=CP00000010005737&cstt=48&wak=BPSC400401_link_coupon,"￥5,790",https://beauty.hotpepper.jp/slnH000299516/coupon/?couponId=CP00000011063605&cstt=48&wak=BPSC400401_link_coupon,"￥5,000"
白髪ぼかし専門サロン Hau'oli ～ハウオリ～金沢店,https://beauty.hotpepper.jp/slnH000684698/?cstt=49,高尾台中学とミスド高尾台店の間/一休さんの米永南館そば/山側環状線そば/駐車場◎,カット,"￥5,500",席数,セット面4席,https://beauty.hotpepper.jp/slnH000684698/blog/?cstt=49,1937件,106件,https://beauty.hotpepper.jp/slnH000684698/coupon/?couponId=CP00000009447330&cstt=49&wak=BPSC400401_link_coupon,"￥7,700",https://beauty.hotpepper.jp/slnH000684698/coupon/?couponId=CP00000009447332&cstt=49&wak=BPSC400401_link_coupon,"￥9,900",https://beauty.hotpepper.jp/slnH000684698/coupon/?couponId=CP00000009447343&cstt=49&wak=BPSC400401_link_coupon,"￥19,800"
Hot Line,https://beauty.hotpepper.jp/slnH000297907/?cstt=50,山科　洋菓子のフランドールさん向かい076ー255ー7739,カット,"￥4,800",席数,セット面4席,https://beauty.hotpepper.jp/slnH000297907/blog/?cstt=50,2102件,14件,https://beauty.hotpepper.jp/slnH000297907/coupon/?couponId=CP00000005746689&cstt=50&wak=BPSC400401_link_coupon,"￥14,080",https://beauty.hotpepper.jp/slnH000297907/coupon/?couponId=CP00000004721859&cstt=50&wak=BPSC400401_link_coupon,"￥8,560",https://beauty.hotpepper.jp/slnH000297907/coupon/?couponId=CP00000005746690&cstt=50&wak=BPSC400401_link_coupon,"￥12,240"
REMUS【リーマス】,https://beauty.hotpepper.jp/slnH000785314/?cstt=51,金沢市久安３丁目４３８番地ラウンドワン近く、横川南交差点を久安方面へ　横川　久安,カット,"￥5,500",席数,セット面4席,https://beauty.hotpepper.jp/slnH000785314/blog/?cstt=51,22件,59件,https://beauty.hotpepper.jp/slnH000785314/coupon/?couponId=CP00000011073251&cstt=51&wak=BPSC400401_link_coupon,"￥39,600",https://beauty.hotpepper.jp/slnH000785314/coupon/?couponId=CP00000011073215&cstt=51&wak=BPSC400401_link_coupon,"￥49,800",https://beauty.hotpepper.jp/slnH000785314/coupon/?couponId=CP00000011031533&cstt=51&wak=BPSC400401_link_coupon,"￥61,600"
シェービング&ヘッドスパ　.R【ドットアール】,https://beauty.hotpepper.jp/slnH000752697/?cstt=52,石川県金沢市額新町２丁目104  スカイ2F,カット,-,席数,セット面1席,https://beauty.hotpepper.jp/slnH000752697/blog/?cstt=52,30件,29件,https://beauty.hotpepper.jp/slnH000752697/coupon/?couponId=CP00000010228334&cstt=52&wak=BPSC400401_link_coupon,"￥8,800",https://beauty.hotpepper.jp/slnH000752697/coupon/?couponId=CP00000010952054&cstt=52&wak=BPSC400401_link_coupon,"￥14,800",https://beauty.hotpepper.jp/slnH000752697/coupon/?couponId=CP00000010228341&cstt=52&wak=BPSC400401_link_coupon,"￥14,300"
髪質改善４ｃｍ【ヨンセンチメートル】横川店/縮毛矯正/トリートメント,https://beauty.hotpepper.jp/slnH000252788/?cstt=53,当日予約OK●久安3丁目交差点近く●平日＆学割U24クーポン充実［髪質改善縮毛矯正］,カット,"￥4,950",席数,セット面8席,https://beauty.hotpepper.jp/slnH000252788/blog/?cstt=53,1312件,132件,https://beauty.hotpepper.jp/slnH000252788/coupon/?couponId=CP00000009542089&cstt=53&wak=BPSC400401_link_coupon,"￥5,500",https://beauty.hotpepper.jp/slnH000252788/coupon/?couponId=CP00000009678758&cstt=53&wak=BPSC400401_link_coupon,"￥14,000",https://beauty.hotpepper.jp/slnH000252788/coupon/?couponId=CP00000009679541&cstt=53&wak=BPSC400401_link_coupon,"￥19,000"
オーガニックヘアカラー専門店 TUKI,https://beauty.hotpepper.jp/slnH000788735/?cstt=54,山環　窪二丁目交差点すぐ　Ｐ2台　当日予約、飛び込みもＯＫ　本日予約◎,カット,-,席数,セット面2席,https://beauty.hotpepper.jp/slnH000788735/blog/?cstt=54,15件,64件,https://beauty.hotpepper.jp/slnH000788735/coupon/?couponId=CP00000011192033&cstt=54&wak=BPSC400401_link_coupon,￥200引き,https://beauty.hotpepper.jp/slnH000788735/coupon/?couponId=CP00000011021020&cstt=54&wak=BPSC400401_link_coupon,"￥3,000",https://beauty.hotpepper.jp/slnH000788735/coupon/?couponId=CP00000011021028&cstt=54&wak=BPSC400401_link_coupon,"￥3,500"
noi【ノイ】,https://beauty.hotpepper.jp/slnH000422636/?cstt=55,<バス停>錦丘高校前向かい,カット,"￥5,500",席数,セット面3席,https://beauty.hotpepper.jp/slnH000422636/blog/?cstt=55,166件,26件,https://beauty.hotpepper.jp/slnH000422636/coupon/?couponId=CP00000006661191&cstt=55&wak=BPSC400401_link_coupon,"￥4,800",https://beauty.hotpepper.jp/slnH000422636/coupon/?couponId=CP00000006702949&cstt=55&wak=BPSC400401_link_coupon,"￥4,800",https://beauty.hotpepper.jp/slnH000422636/coupon/?couponId=CP00000006661197&cstt=55&wak=BPSC400401_link_coupon,"￥9,500"
アレス,https://beauty.hotpepper.jp/slnH000187606/?cstt=56,バロー高尾台店と駐車場を共有　P多数あり　　北鉄バス停　扇台小学校前からすぐそば,カット,"￥4,400～",席数,セット面7席,https://beauty.hotpepper.jp/slnH000187606/blog/?cstt=56,938件,60件,https://beauty.hotpepper.jp/slnH000187606/coupon/?couponId=CP00000006119129&cstt=56&wak=BPSC400401_link_coupon,￥0,https://beauty.hotpepper.jp/slnH000187606/coupon/?couponId=CP00000005862708&cstt=56&wak=BPSC400401_link_coupon,￥0,https://beauty.hotpepper.jp/slnH000187606/coupon/?couponId=CP00000005941790&cstt=56&wak=BPSC400401_link_coupon,"￥11,930"
la fente【ラ フェンテ】,https://beauty.hotpepper.jp/slnH000038471/?cstt=57,有松・トヨペットすぐそば,カット,-,席数,セット面3席,,,8件,https://beauty.hotpepper.jp/slnH000038471/coupon/?couponId=CP00000005743768&cstt=57&wak=BPSC400401_link_coupon,"￥11,150",https://beauty.hotpepper.jp/slnH000038471/coupon/?couponId=CP00000005743769&cstt=57&wak=BPSC400401_link_coupon,"￥13,200",https://beauty.hotpepper.jp/slnH000038471/coupon/?couponId=CP00000005743770&cstt=57&wak=BPSC400401_link_coupon,"￥4,950"
HAIR DESIGN Kirin,https://beauty.hotpepper.jp/slnH000322286/?cstt=58,ゲオ金沢久安店近く・カンパーニュ裏手◎髪質改善/白髪染め/白髪ぼかし/ヘッドスパ,カット,"￥3,980～",席数,セット面7席,https://beauty.hotpepper.jp/slnH000322286/blog/?cstt=58,186件,131件,https://beauty.hotpepper.jp/slnH000322286/coupon/?couponId=CP00000010539623&cstt=58&wak=BPSC400401_link_coupon,"￥4,730",https://beauty.hotpepper.jp/slnH000322286/coupon/?couponId=CP00000006847214&cstt=58&wak=BPSC400401_link_coupon,"￥15,400",https://beauty.hotpepper.jp/slnH000322286/coupon/?couponId=CP00000010122300&cstt=58&wak=BPSC400401_link_coupon,"￥8,030"
HAIR MAKE　ｄｏｕｂｌｅ　【ヘアーメイク　ダブル】,https://beauty.hotpepper.jp/slnH000167436/?cstt=59,最寄りバス停は北鉄バス「横川４丁目」,カット,"￥4,840",席数,セット面6席,https://beauty.hotpepper.jp/slnH000167436/blog/?cstt=59,634件,119件,https://beauty.hotpepper.jp/slnH000167436/coupon/?couponId=CP00000009724189&cstt=59&wak=BPSC400401_link_coupon,￥0,https://beauty.hotpepper.jp/slnH000167436/coupon/?couponId=CP00000008109970&cstt=59&wak=BPSC400401_link_coupon,"￥16,000",https://beauty.hotpepper.jp/slnH000167436/coupon/?couponId=CP00000008109969&cstt=59&wak=BPSC400401_link_coupon,"￥8,500"
Barber VENUS,https://beauty.hotpepper.jp/slnH000596138/?cstt=60,ローソン金沢弥生店徒歩２分。泉野３丁目バス停徒歩2分。野町駅徒歩10分。,カット,"￥3,500～",席数,セット面1席,https://beauty.hotpepper.jp/slnH000596138/blog/?cstt=60,1件,10件,https://beauty.hotpepper.jp/slnH000596138/coupon/?couponId=CP00000008597287&cstt=60&wak=BPSC400401_link_coupon,"￥3,900",https://beauty.hotpepper.jp/slnH000596138/coupon/?couponId=CP00000008959403&cstt=60&wak=BPSC400401_link_coupon,"￥4,400",https://beauty.hotpepper.jp/slnH000596138/coupon/?couponId=CP00000008597270&cstt=60&wak=BPSC400401_link_coupon,"￥6,900"
SKY【スカイ】,https://beauty.hotpepper.jp/slnH000441346/?cstt=61,額住宅駅前より車で3分。徒歩5分　駐車場は店舗隣りにございます。,カット,"￥4,400～",席数,セット面4席,https://beauty.hotpepper.jp/slnH000441346/blog/?cstt=61,12件,29件,https://beauty.hotpepper.jp/slnH000441346/coupon/?couponId=CP00000009096951&cstt=61&wak=BPSC400401_link_coupon,"￥9,900",https://beauty.hotpepper.jp/slnH000441346/coupon/?couponId=CP00000010908070&cstt=61&wak=BPSC400401_link_coupon,"￥6,000",https://beauty.hotpepper.jp/slnH000441346/coupon/?couponId=CP00000010908073&cstt=61&wak=BPSC400401_link_coupon,"￥5,500"
ユリイカビヨウシツ,https://beauty.hotpepper.jp/slnH000633043/?cstt=62,泉が丘通り沿い、金沢泉丘高校正門向かい、パンドファンファーレさん隣,カット,"￥4,700",席数,セット面2席,https://beauty.hotpepper.jp/slnH000633043/blog/?cstt=62,127件,57件,https://beauty.hotpepper.jp/slnH000633043/coupon/?couponId=CP00000009101569&cstt=62&wak=BPSC400401_link_coupon,"￥10,000",https://beauty.hotpepper.jp/slnH000633043/coupon/?couponId=CP00000009101656&cstt=62&wak=BPSC400401_link_coupon,"￥11,000",https://beauty.hotpepper.jp/slnH000633043/coupon/?couponId=CP00000008952409&cstt=62&wak=BPSC400401_link_coupon,"￥9,700"
ヘアカラー専門店カラープラス金沢平和町店　白髪染め おしゃれ染め,https://beauty.hotpepper.jp/slnH000765279/?cstt=63,県道144号線沿い。平和町公園前。,カット,-,席数,-,https://beauty.hotpepper.jp/slnH000765279/blog/?cstt=63,41件,29件,https://beauty.hotpepper.jp/slnH000765279/coupon/?couponId=CP00000010399499&cstt=63&wak=BPSC400401_link_coupon,"￥1,100",https://beauty.hotpepper.jp/slnH000765279/coupon/?couponId=CP00000010399523&cstt=63&wak=BPSC400401_link_coupon,"￥1,100",https://beauty.hotpepper.jp/slnH000765279/coupon/?couponId=CP00000010399486&cstt=63&wak=BPSC400401_link_coupon,"￥1,600"
MONA,https://beauty.hotpepper.jp/slnH000335519/?cstt=64,日赤病院近く,カット,"￥3,600",席数,セット面6席,https://beauty.hotpepper.jp/slnH000335519/blog/?cstt=64,37件,132件,https://beauty.hotpepper.jp/slnH000335519/coupon/?couponId=CP00000005812120&cstt=64&wak=BPSC400401_link_coupon,"￥7,500",https://beauty.hotpepper.jp/slnH000335519/coupon/?couponId=CP00000006496844&cstt=64&wak=BPSC400401_link_coupon,"￥7,500",https://beauty.hotpepper.jp/slnH000335519/coupon/?couponId=CP00000005720499&cstt=64&wak=BPSC400401_link_coupon,"￥3,500"
Ｍ＆Ｍ,https://beauty.hotpepper.jp/slnH000093171/?cstt=65,乙丸駅から徒歩10分,カット,"￥4,450～",席数,セット面8席,https://beauty.hotpepper.jp/slnH000093171/blog/?cstt=65,202件,25件,https://beauty.hotpepper.jp/slnH000093171/coupon/?couponId=CP00000007871627&cstt=65&wak=BPSC400401_link_coupon,"￥9,500",https://beauty.hotpepper.jp/slnH000093171/coupon/?couponId=CP00000007222562&cstt=65&wak=BPSC400401_link_coupon,"￥5,980",https://beauty.hotpepper.jp/slnH000093171/coupon/?couponId=CP00000006974034&cstt=65&wak=BPSC400401_link_coupon,"￥21,230"
ＧＩＧＩ ＋design,https://beauty.hotpepper.jp/slnH000230733/?cstt=66,錦ヶ丘高校前バス停近く！ガストも目印！,カット,"￥5,500～",席数,セット面14席,https://beauty.hotpepper.jp/slnH000230733/blog/?cstt=66,353件,50件,https://beauty.hotpepper.jp/slnH000230733/coupon/?couponId=CP00000011168742&cstt=66&wak=BPSC400401_link_coupon,"￥9,900",https://beauty.hotpepper.jp/slnH000230733/coupon/?couponId=CP00000011168677&cstt=66&wak=BPSC400401_link_coupon,"￥4,400",https://beauty.hotpepper.jp/slnH000230733/coupon/?couponId=CP00000009541373&cstt=66&wak=BPSC400401_link_coupon,"￥16,500"
Bar ber Shop GRAnt'z 金沢店【バーバーショップ　グランツ】,https://beauty.hotpepper.jp/slnH000428320/?cstt=67,金沢有松病院から徒歩3分,カット,"￥3,000",席数,セット面5席,https://beauty.hotpepper.jp/slnH000428320/blog/?cstt=67,77件,38件,https://beauty.hotpepper.jp/slnH000428320/coupon/?couponId=CP00000010436733&cstt=67&wak=BPSC400401_link_coupon,"￥5,000",https://beauty.hotpepper.jp/slnH000428320/coupon/?couponId=CP00000006912400&cstt=67&wak=BPSC400401_link_coupon,"￥5,000",https://beauty.hotpepper.jp/slnH000428320/coupon/?couponId=CP00000006719115&cstt=67&wak=BPSC400401_link_coupon,"￥3,500"
RUDO HAIR 【ルードヘアー】,https://beauty.hotpepper.jp/slnH000294025/?cstt=68,【元菊町から移転】金沢工業大学から徒歩2分、,カット,"￥4,300",席数,セット面2席,https://beauty.hotpepper.jp/slnH000294025/blog/?cstt=68,3850件,72件,https://beauty.hotpepper.jp/slnH000294025/coupon/?couponId=CP00000008371342&cstt=68&wak=BPSC400401_link_coupon,"￥7,000",https://beauty.hotpepper.jp/slnH000294025/coupon/?couponId=CP00000005172158&cstt=68&wak=BPSC400401_link_coupon,"￥4,300",https://beauty.hotpepper.jp/slnH000294025/coupon/?couponId=CP00000006095651&cstt=68&wak=BPSC400401_link_coupon,"￥5,200"
hair vaton【バトン】,https://beauty.hotpepper.jp/slnH000469296/?cstt=69,長坂台小学校から徒歩1分,カット,"￥5,500",席数,セット面5席,https://beauty.hotpepper.jp/slnH000469296/blog/?cstt=69,553件,271件,https://beauty.hotpepper.jp/slnH000469296/coupon/?couponId=CP00000009808587&cstt=69&wak=BPSC400401_link_coupon,"￥6,800",https://beauty.hotpepper.jp/slnH000469296/coupon/?couponId=CP00000009808612&cstt=69&wak=BPSC400401_link_coupon,"￥7,800",https://beauty.hotpepper.jp/slnH000469296/coupon/?couponId=CP00000007211165&cstt=69&wak=BPSC400401_link_coupon,"￥7,800"
ヘアカラー専門店カラープラス金沢高尾南店,https://beauty.hotpepper.jp/slnH000629435/?cstt=70,額住宅前駅から徒歩10分。高尾交差点側。「くら寿司 高尾台店」様から南へ200m。,カット,-,席数,セット面4席,https://beauty.hotpepper.jp/slnH000629435/blog/?cstt=70,188件,88件,https://beauty.hotpepper.jp/slnH000629435/coupon/?couponId=CP00000009816534&cstt=70&wak=BPSC400401_link_coupon,"￥1,100",https://beauty.hotpepper.jp/slnH000629435/coupon/?couponId=CP00000009816463&cstt=70&wak=BPSC400401_link_coupon,"￥1,600",https://beauty.hotpepper.jp/slnH000629435/coupon/?couponId=CP00000009816216&cstt=70&wak=BPSC400401_link_coupon,"￥1,600"
